ID,Value,Age,Score,Name
1,abc,23,53.59,name_abc
2,bcd,45,104.85000000000001,name_bcd
3,cde,56,130.48000000000002,name_cde
4,def,24,55.92,name_def
5,efg,43,100.19,name_efg
6,fgh,42,97.86,name_fgh
7,ghi,23,53.59,name_ghi
8,hij,45,104.85000000000001,name_hij
9,ijk,56,130.48000000000002,name_ijk
10,jkl,24,55.92,name_jkl
11,klm,43,100.19,name_klm
12,lmn,42,97.86,name_lmn
13,mno,23,53.59,name_mno
14,nop,45,104.85000000000001,name_nop
15,opr,56,130.48000000000002,name_opr
16,prs,24,55.92,name_prs
17,rst,43,100.19,name_rst
18,stu,42,97.86,name_stu
19,tuw,23,53.59,name_tuw
20,uwz,45,104.85000000000001,name_uwz
21,abc,56,130.48000000000002,name_abc
22,bcd,24,55.92,name_bcd
23,cde,43,100.19,name_cde
24,def,42,97.86,name_def
25,efg,23,53.59,name_efg
26,fgh,45,104.85000000000001,name_fgh
27,ghi,56,130.48000000000002,name_ghi
28,hij,24,55.92,name_hij
29,ijk,43,100.19,name_ijk
30,jkl,42,97.86,name_jkl
31,klm,23,53.59,name_klm
32,lmn,45,104.85000000000001,name_lmn
33,mno,56,130.48000000000002,name_mno
34,nop,24,55.92,name_nop
35,opr,43,100.19,name_opr
36,prs,42,97.86,name_prs
37,rst,23,53.59,name_rst
38,stu,45,104.85000000000001,name_stu
39,tuw,56,130.48000000000002,name_tuw
40,uwz,24,55.92,name_uwz
41,abc,43,100.19,name_abc
42,bcd,42,97.86,name_bcd
43,cde,23,53.59,name_cde
44,def,45,104.85000000000001,name_def
45,efg,56,130.48000000000002,name_efg
46,fgh,24,55.92,name_fgh
47,ghi,43,100.19,name_ghi
48,hij,42,97.86,name_hij
49,ijk,23,53.59,name_ijk
50,jkl,45,104.85000000000001,name_jkl
51,klm,56,130.48000000000002,name_klm
52,lmn,24,55.92,name_lmn
53,mno,43,100.19,name_mno
54,nop,42,97.86,name_nop
55,opr,23,53.59,name_opr
56,prs,45,104.85000000000001,name_prs
57,rst,56,130.48000000000002,name_rst
58,stu,24,55.92,name_stu
59,tuw,43,100.19,name_tuw
60,uwz,42,97.86,name_uwz
61,abc,23,53.59,name_abc
62,bcd,45,104.85000000000001,name_bcd
63,cde,56,130.48000000000002,name_cde
64,def,24,55.92,name_def
65,efg,43,100.19,name_efg
66,fgh,42,97.86,name_fgh
67,ghi,23,53.59,name_ghi
68,hij,45,104.85000000000001,name_hij
69,ijk,56,130.48000000000002,name_ijk
70,jkl,24,55.92,name_jkl
71,klm,43,100.19,name_klm
72,lmn,42,97.86,name_lmn
73,mno,23,53.59,name_mno
74,nop,45,104.85000000000001,name_nop
75,opr,56,130.48000000000002,name_opr
76,prs,24,55.92,name_prs
77,rst,43,100.19,name_rst
78,stu,42,97.86,name_stu
79,tuw,23,53.59,name_tuw
80,uwz,45,104.85000000000001,name_uwz
81,abc,56,130.48000000000002,name_abc
82,bcd,24,55.92,name_bcd
83,cde,43,100.19,name_cde
84,def,42,97.86,name_def
85,efg,23,53.59,name_efg
86,fgh,45,104.85000000000001,name_fgh
87,ghi,56,130.48000000000002,name_ghi
88,hij,24,55.92,name_hij
89,ijk,43,100.19,name_ijk
90,jkl,42,97.86,name_jkl
91,klm,23,53.59,name_klm
92,lmn,45,104.85000000000001,name_lmn
93,mno,56,130.48000000000002,name_mno
94,nop,24,55.92,name_nop
95,opr,43,100.19,name_opr
96,prs,42,97.86,name_prs
97,rst,23,53.59,name_rst
98,stu,45,104.85000000000001,name_stu
99,tuw,56,130.48000000000002,name_tuw
100,uwz,24,55.92,name_uwz
101,abc,43,100.19,name_abc
102,bcd,42,97.86,name_bcd
103,cde,23,53.59,name_cde
104,def,45,104.85000000000001,name_def
105,efg,56,130.48000000000002,name_efg
106,fgh,24,55.92,name_fgh
107,ghi,43,100.19,name_ghi
108,hij,42,97.86,name_hij
109,ijk,23,53.59,name_ijk
110,jkl,45,104.85000000000001,name_jkl
111,klm,56,130.48000000000002,name_klm
112,lmn,24,55.92,name_lmn
113,mno,43,100.19,name_mno
114,nop,42,97.86,name_nop
115,opr,23,53.59,name_opr
116,prs,45,104.85000000000001,name_prs
117,rst,56,130.48000000000002,name_rst
118,stu,24,55.92,name_stu
119,tuw,43,100.19,name_tuw
120,uwz,42,97.86,name_uwz
121,abc,23,53.59,name_abc
122,bcd,45,104.85000000000001,name_bcd
123,cde,56,130.48000000000002,name_cde
124,def,24,55.92,name_def
125,efg,43,100.19,name_efg
126,fgh,42,97.86,name_fgh
127,ghi,23,53.59,name_ghi
128,hij,45,104.85000000000001,name_hij
129,ijk,56,130.48000000000002,name_ijk
130,jkl,24,55.92,name_jkl
131,klm,43,100.19,name_klm
132,lmn,42,97.86,name_lmn
133,mno,23,53.59,name_mno
134,nop,45,104.85000000000001,name_nop
135,opr,56,130.48000000000002,name_opr
136,prs,24,55.92,name_prs
137,rst,43,100.19,name_rst
138,stu,42,97.86,name_stu
139,tuw,23,53.59,name_tuw
140,uwz,45,104.85000000000001,name_uwz
141,abc,56,130.48000000000002,name_abc
142,bcd,24,55.92,name_bcd
143,cde,43,100.19,name_cde
144,def,42,97.86,name_def
145,efg,23,53.59,name_efg
146,fgh,45,104.85000000000001,name_fgh
147,ghi,56,130.48000000000002,name_ghi
148,hij,24,55.92,name_hij
149,ijk,43,100.19,name_ijk
150,jkl,42,97.86,name_jkl
151,klm,23,53.59,name_klm
152,lmn,45,104.85000000000001,name_lmn
153,mno,56,130.48000000000002,name_mno
154,nop,24,55.92,name_nop
155,opr,43,100.19,name_opr
156,prs,42,97.86,name_prs
157,rst,23,53.59,name_rst
158,stu,45,104.85000000000001,name_stu
159,tuw,56,130.48000000000002,name_tuw
160,uwz,24,55.92,name_uwz
161,abc,43,100.19,name_abc
162,bcd,42,97.86,name_bcd
163,cde,23,53.59,name_cde
164,def,45,104.85000000000001,name_def
165,efg,56,130.48000000000002,name_efg
166,fgh,24,55.92,name_fgh
167,ghi,43,100.19,name_ghi
168,hij,42,97.86,name_hij
169,ijk,23,53.59,name_ijk
170,jkl,45,104.85000000000001,name_jkl
171,klm,56,130.48000000000002,name_klm
172,lmn,24,55.92,name_lmn
173,mno,43,100.19,name_mno
174,nop,42,97.86,name_nop
175,opr,23,53.59,name_opr
176,prs,45,104.85000000000001,name_prs
177,rst,56,130.48000000000002,name_rst
178,stu,24,55.92,name_stu
179,tuw,43,100.19,name_tuw
180,uwz,42,97.86,name_uwz
181,abc,23,53.59,name_abc
182,bcd,45,104.85000000000001,name_bcd
183,cde,56,130.48000000000002,name_cde
184,def,24,55.92,name_def
185,efg,43,100.19,name_efg
186,fgh,42,97.86,name_fgh
187,ghi,23,53.59,name_ghi
188,hij,45,104.85000000000001,name_hij
189,ijk,56,130.48000000000002,name_ijk
190,jkl,24,55.92,name_jkl
191,klm,43,100.19,name_klm
192,lmn,42,97.86,name_lmn
193,mno,23,53.59,name_mno
194,nop,45,104.85000000000001,name_nop
195,opr,56,130.48000000000002,name_opr
196,prs,24,55.92,name_prs
197,rst,43,100.19,name_rst
198,stu,42,97.86,name_stu
199,tuw,23,53.59,name_tuw
200,uwz,45,104.85000000000001,name_uwz
201,abc,56,130.48000000000002,name_abc
202,bcd,24,55.92,name_bcd
203,cde,43,100.19,name_cde
204,def,42,97.86,name_def
205,efg,23,53.59,name_efg
206,fgh,45,104.85000000000001,name_fgh
207,ghi,56,130.48000000000002,name_ghi
208,hij,24,55.92,name_hij
209,ijk,43,100.19,name_ijk
210,jkl,42,97.86,name_jkl
211,klm,23,53.59,name_klm
212,lmn,45,104.85000000000001,name_lmn
213,mno,56,130.48000000000002,name_mno
214,nop,24,55.92,name_nop
215,opr,43,100.19,name_opr
216,prs,42,97.86,name_prs
217,rst,23,53.59,name_rst
218,stu,45,104.85000000000001,name_stu
219,tuw,56,130.48000000000002,name_tuw
220,uwz,24,55.92,name_uwz
221,abc,43,100.19,name_abc
222,bcd,42,97.86,name_bcd
223,cde,23,53.59,name_cde
224,def,45,104.85000000000001,name_def
225,efg,56,130.48000000000002,name_efg
226,fgh,24,55.92,name_fgh
227,ghi,43,100.19,name_ghi
228,hij,42,97.86,name_hij
229,ijk,23,53.59,name_ijk
230,jkl,45,104.85000000000001,name_jkl
231,klm,56,130.48000000000002,name_klm
232,lmn,24,55.92,name_lmn
233,mno,43,100.19,name_mno
234,nop,42,97.86,name_nop
235,opr,23,53.59,name_opr
236,prs,45,104.85000000000001,name_prs
237,rst,56,130.48000000000002,name_rst
238,stu,24,55.92,name_stu
239,tuw,43,100.19,name_tuw
240,uwz,42,97.86,name_uwz
241,abc,23,53.59,name_abc
242,bcd,45,104.85000000000001,name_bcd
243,cde,56,130.48000000000002,name_cde
244,def,24,55.92,name_def
245,efg,43,100.19,name_efg
246,fgh,42,97.86,name_fgh
247,ghi,23,53.59,name_ghi
248,hij,45,104.85000000000001,name_hij
249,ijk,56,130.48000000000002,name_ijk
250,jkl,24,55.92,name_jkl
251,klm,43,100.19,name_klm
252,lmn,42,97.86,name_lmn
253,mno,23,53.59,name_mno
254,nop,45,104.85000000000001,name_nop
255,opr,56,130.48000000000002,name_opr
256,prs,24,55.92,name_prs
257,rst,43,100.19,name_rst
258,stu,42,97.86,name_stu
259,tuw,23,53.59,name_tuw
260,uwz,45,104.85000000000001,name_uwz
261,abc,56,130.48000000000002,name_abc
262,bcd,24,55.92,name_bcd
263,cde,43,100.19,name_cde
264,def,42,97.86,name_def
265,efg,23,53.59,name_efg
266,fgh,45,104.85000000000001,name_fgh
267,ghi,56,130.48000000000002,name_ghi
268,hij,24,55.92,name_hij
269,ijk,43,100.19,name_ijk
270,jkl,42,97.86,name_jkl
271,klm,23,53.59,name_klm
272,lmn,45,104.85000000000001,name_lmn
273,mno,56,130.48000000000002,name_mno
274,nop,24,55.92,name_nop
275,opr,43,100.19,name_opr
276,prs,42,97.86,name_prs
277,rst,23,53.59,name_rst
278,stu,45,104.85000000000001,name_stu
279,tuw,56,130.48000000000002,name_tuw
280,uwz,24,55.92,name_uwz
281,abc,43,100.19,name_abc
282,bcd,42,97.86,name_bcd
283,cde,23,53.59,name_cde
284,def,45,104.85000000000001,name_def
285,efg,56,130.48000000000002,name_efg
286,fgh,24,55.92,name_fgh
287,ghi,43,100.19,name_ghi
288,hij,42,97.86,name_hij
289,ijk,23,53.59,name_ijk
290,jkl,45,104.85000000000001,name_jkl
291,klm,56,130.48000000000002,name_klm
292,lmn,24,55.92,name_lmn
293,mno,43,100.19,name_mno
294,nop,42,97.86,name_nop
295,opr,23,53.59,name_opr
296,prs,45,104.85000000000001,name_prs
297,rst,56,130.48000000000002,name_rst
298,stu,24,55.92,name_stu
299,tuw,43,100.19,name_tuw
300,uwz,42,97.86,name_uwz
301,abc,23,53.59,name_abc
302,bcd,45,104.85000000000001,name_bcd
303,cde,56,130.48000000000002,name_cde
304,def,24,55.92,name_def
305,efg,43,100.19,name_efg
306,fgh,42,97.86,name_fgh
307,ghi,23,53.59,name_ghi
308,hij,45,104.85000000000001,name_hij
309,ijk,56,130.48000000000002,name_ijk
310,jkl,24,55.92,name_jkl
311,klm,43,100.19,name_klm
312,lmn,42,97.86,name_lmn
313,mno,23,53.59,name_mno
314,nop,45,104.85000000000001,name_nop
315,opr,56,130.48000000000002,name_opr
316,prs,24,55.92,name_prs
317,rst,43,100.19,name_rst
318,stu,42,97.86,name_stu
319,tuw,23,53.59,name_tuw
320,uwz,45,104.85000000000001,name_uwz
321,abc,56,130.48000000000002,name_abc
322,bcd,24,55.92,name_bcd
323,cde,43,100.19,name_cde
324,def,42,97.86,name_def
325,efg,23,53.59,name_efg
326,fgh,45,104.85000000000001,name_fgh
327,ghi,56,130.48000000000002,name_ghi
328,hij,24,55.92,name_hij
329,ijk,43,100.19,name_ijk
330,jkl,42,97.86,name_jkl
331,klm,23,53.59,name_klm
332,lmn,45,104.85000000000001,name_lmn
333,mno,56,130.48000000000002,name_mno
334,nop,24,55.92,name_nop
335,opr,43,100.19,name_opr
336,prs,42,97.86,name_prs
337,rst,23,53.59,name_rst
338,stu,45,104.85000000000001,name_stu
339,tuw,56,130.48000000000002,name_tuw
340,uwz,24,55.92,name_uwz
341,abc,43,100.19,name_abc
342,bcd,42,97.86,name_bcd
343,cde,23,53.59,name_cde
344,def,45,104.85000000000001,name_def
345,efg,56,130.48000000000002,name_efg
346,fgh,24,55.92,name_fgh
347,ghi,43,100.19,name_ghi
348,hij,42,97.86,name_hij
349,ijk,23,53.59,name_ijk
350,jkl,45,104.85000000000001,name_jkl
351,klm,56,130.48000000000002,name_klm
352,lmn,24,55.92,name_lmn
353,mno,43,100.19,name_mno
354,nop,42,97.86,name_nop
355,opr,23,53.59,name_opr
356,prs,45,104.85000000000001,name_prs
357,rst,56,130.48000000000002,name_rst
358,stu,24,55.92,name_stu
359,tuw,43,100.19,name_tuw
360,uwz,42,97.86,name_uwz
361,abc,23,53.59,name_abc
362,bcd,45,104.85000000000001,name_bcd
363,cde,56,130.48000000000002,name_cde
364,def,24,55.92,name_def
365,efg,43,100.19,name_efg
366,fgh,42,97.86,name_fgh
367,ghi,23,53.59,name_ghi
368,hij,45,104.85000000000001,name_hij
369,ijk,56,130.48000000000002,name_ijk
370,jkl,24,55.92,name_jkl
371,klm,43,100.19,name_klm
372,lmn,42,97.86,name_lmn
373,mno,23,53.59,name_mno
374,nop,45,104.85000000000001,name_nop
375,opr,56,130.48000000000002,name_opr
376,prs,24,55.92,name_prs
377,rst,43,100.19,name_rst
378,stu,42,97.86,name_stu
379,tuw,23,53.59,name_tuw
380,uwz,45,104.85000000000001,name_uwz
381,abc,56,130.48000000000002,name_abc
382,bcd,24,55.92,name_bcd
383,cde,43,100.19,name_cde
384,def,42,97.86,name_def
385,efg,23,53.59,name_efg
386,fgh,45,104.85000000000001,name_fgh
387,ghi,56,130.48000000000002,name_ghi
388,hij,24,55.92,name_hij
389,ijk,43,100.19,name_ijk
390,jkl,42,97.86,name_jkl
391,klm,23,53.59,name_klm
392,lmn,45,104.85000000000001,name_lmn
393,mno,56,130.48000000000002,name_mno
394,nop,24,55.92,name_nop
395,opr,43,100.19,name_opr
396,prs,42,97.86,name_prs
397,rst,23,53.59,name_rst
398,stu,45,104.85000000000001,name_stu
399,tuw,56,130.48000000000002,name_tuw
400,uwz,24,55.92,name_uwz
401,abc,43,100.19,name_abc
402,bcd,42,97.86,name_bcd
403,cde,23,53.59,name_cde
404,def,45,104.85000000000001,name_def
405,efg,56,130.48000000000002,name_efg
406,fgh,24,55.92,name_fgh
407,ghi,43,100.19,name_ghi
408,hij,42,97.86,name_hij
409,ijk,23,53.59,name_ijk
410,jkl,45,104.85000000000001,name_jkl
411,klm,56,130.48000000000002,name_klm
412,lmn,24,55.92,name_lmn
413,mno,43,100.19,name_mno
414,nop,42,97.86,name_nop
415,opr,23,53.59,name_opr
416,prs,45,104.85000000000001,name_prs
417,rst,56,130.48000000000002,name_rst
418,stu,24,55.92,name_stu
419,tuw,43,100.19,name_tuw
420,uwz,42,97.86,name_uwz
421,abc,23,53.59,name_abc
422,bcd,45,104.85000000000001,name_bcd
423,cde,56,130.48000000000002,name_cde
424,def,24,55.92,name_def
425,efg,43,100.19,name_efg
426,fgh,42,97.86,name_fgh
427,ghi,23,53.59,name_ghi
428,hij,45,104.85000000000001,name_hij
429,ijk,56,130.48000000000002,name_ijk
430,jkl,24,55.92,name_jkl
431,klm,43,100.19,name_klm
432,lmn,42,97.86,name_lmn
433,mno,23,53.59,name_mno
434,nop,45,104.85000000000001,name_nop
435,opr,56,130.48000000000002,name_opr
436,prs,24,55.92,name_prs
437,rst,43,100.19,name_rst
438,stu,42,97.86,name_stu
439,tuw,23,53.59,name_tuw
440,uwz,45,104.85000000000001,name_uwz
441,abc,56,130.48000000000002,name_abc
442,bcd,24,55.92,name_bcd
443,cde,43,100.19,name_cde
444,def,42,97.86,name_def
445,efg,23,53.59,name_efg
446,fgh,45,104.85000000000001,name_fgh
447,ghi,56,130.48000000000002,name_ghi
448,hij,24,55.92,name_hij
449,ijk,43,100.19,name_ijk
450,jkl,42,97.86,name_jkl
451,klm,23,53.59,name_klm
452,lmn,45,104.85000000000001,name_lmn
453,mno,56,130.48000000000002,name_mno
454,nop,24,55.92,name_nop
455,opr,43,100.19,name_opr
456,prs,42,97.86,name_prs
457,rst,23,53.59,name_rst
458,stu,45,104.85000000000001,name_stu
459,tuw,56,130.48000000000002,name_tuw
460,uwz,24,55.92,name_uwz
461,abc,43,100.19,name_abc
462,bcd,42,97.86,name_bcd
463,cde,23,53.59,name_cde
464,def,45,104.85000000000001,name_def
465,efg,56,130.48000000000002,name_efg
466,fgh,24,55.92,name_fgh
467,ghi,43,100.19,name_ghi
468,hij,42,97.86,name_hij
469,ijk,23,53.59,name_ijk
470,jkl,45,104.85000000000001,name_jkl
471,klm,56,130.48000000000002,name_klm
472,lmn,24,55.92,name_lmn
473,mno,43,100.19,name_mno
474,nop,42,97.86,name_nop
475,opr,23,53.59,name_opr
476,prs,45,104.85000000000001,name_prs
477,rst,56,130.48000000000002,name_rst
478,stu,24,55.92,name_stu
479,tuw,43,100.19,name_tuw
480,uwz,42,97.86,name_uwz
481,abc,23,53.59,name_abc
482,bcd,45,104.85000000000001,name_bcd
483,cde,56,130.48000000000002,name_cde
484,def,24,55.92,name_def
485,efg,43,100.19,name_efg
486,fgh,42,97.86,name_fgh
487,ghi,23,53.59,name_ghi
488,hij,45,104.85000000000001,name_hij
489,ijk,56,130.48000000000002,name_ijk
490,jkl,24,55.92,name_jkl
491,klm,43,100.19,name_klm
492,lmn,42,97.86,name_lmn
493,mno,23,53.59,name_mno
494,nop,45,104.85000000000001,name_nop
495,opr,56,130.48000000000002,name_opr
496,prs,24,55.92,name_prs
497,rst,43,100.19,name_rst
498,stu,42,97.86,name_stu
499,tuw,23,53.59,name_tuw
500,uwz,45,104.85000000000001,name_uwz
501,abc,56,130.48000000000002,name_abc
502,bcd,24,55.92,name_bcd
503,cde,43,100.19,name_cde
504,def,42,97.86,name_def
505,efg,23,53.59,name_efg
506,fgh,45,104.85000000000001,name_fgh
507,ghi,56,130.48000000000002,name_ghi
508,hij,24,55.92,name_hij
509,ijk,43,100.19,name_ijk
510,jkl,42,97.86,name_jkl
511,klm,23,53.59,name_klm
512,lmn,45,104.85000000000001,name_lmn
513,mno,56,130.48000000000002,name_mno
514,nop,24,55.92,name_nop
515,opr,43,100.19,name_opr
516,prs,42,97.86,name_prs
517,rst,23,53.59,name_rst
518,stu,45,104.85000000000001,name_stu
519,tuw,56,130.48000000000002,name_tuw
520,uwz,24,55.92,name_uwz
521,abc,43,100.19,name_abc
522,bcd,42,97.86,name_bcd
523,cde,23,53.59,name_cde
524,def,45,104.85000000000001,name_def
525,efg,56,130.48000000000002,name_efg
526,fgh,24,55.92,name_fgh
527,ghi,43,100.19,name_ghi
528,hij,42,97.86,name_hij
529,ijk,23,53.59,name_ijk
530,jkl,45,104.85000000000001,name_jkl
531,klm,56,130.48000000000002,name_klm
532,lmn,24,55.92,name_lmn
533,mno,43,100.19,name_mno
534,nop,42,97.86,name_nop
535,opr,23,53.59,name_opr
536,prs,45,104.85000000000001,name_prs
537,rst,56,130.48000000000002,name_rst
538,stu,24,55.92,name_stu
539,tuw,43,100.19,name_tuw
540,uwz,42,97.86,name_uwz
541,abc,23,53.59,name_abc
542,bcd,45,104.85000000000001,name_bcd
543,cde,56,130.48000000000002,name_cde
544,def,24,55.92,name_def
545,efg,43,100.19,name_efg
546,fgh,42,97.86,name_fgh
547,ghi,23,53.59,name_ghi
548,hij,45,104.85000000000001,name_hij
549,ijk,56,130.48000000000002,name_ijk
550,jkl,24,55.92,name_jkl
551,klm,43,100.19,name_klm
552,lmn,42,97.86,name_lmn
553,mno,23,53.59,name_mno
554,nop,45,104.85000000000001,name_nop
555,opr,56,130.48000000000002,name_opr
556,prs,24,55.92,name_prs
557,rst,43,100.19,name_rst
558,stu,42,97.86,name_stu
559,tuw,23,53.59,name_tuw
560,uwz,45,104.85000000000001,name_uwz
561,abc,56,130.48000000000002,name_abc
562,bcd,24,55.92,name_bcd
563,cde,43,100.19,name_cde
564,def,42,97.86,name_def
565,efg,23,53.59,name_efg
566,fgh,45,104.85000000000001,name_fgh
567,ghi,56,130.48000000000002,name_ghi
568,hij,24,55.92,name_hij
569,ijk,43,100.19,name_ijk
570,jkl,42,97.86,name_jkl
571,klm,23,53.59,name_klm
572,lmn,45,104.85000000000001,name_lmn
573,mno,56,130.48000000000002,name_mno
574,nop,24,55.92,name_nop
575,opr,43,100.19,name_opr
576,prs,42,97.86,name_prs
577,rst,23,53.59,name_rst
578,stu,45,104.85000000000001,name_stu
579,tuw,56,130.48000000000002,name_tuw
580,uwz,24,55.92,name_uwz
581,abc,43,100.19,name_abc
582,bcd,42,97.86,name_bcd
583,cde,23,53.59,name_cde
584,def,45,104.85000000000001,name_def
585,efg,56,130.48000000000002,name_efg
586,fgh,24,55.92,name_fgh
587,ghi,43,100.19,name_ghi
588,hij,42,97.86,name_hij
589,ijk,23,53.59,name_ijk
590,jkl,45,104.85000000000001,name_jkl
591,klm,56,130.48000000000002,name_klm
592,lmn,24,55.92,name_lmn
593,mno,43,100.19,name_mno
594,nop,42,97.86,name_nop
595,opr,23,53.59,name_opr
596,prs,45,104.85000000000001,name_prs
597,rst,56,130.48000000000002,name_rst
598,stu,24,55.92,name_stu
599,tuw,43,100.19,name_tuw
600,uwz,42,97.86,name_uwz
601,abc,23,53.59,name_abc
602,bcd,45,104.85000000000001,name_bcd
603,cde,56,130.48000000000002,name_cde
604,def,24,55.92,name_def
605,efg,43,100.19,name_efg
606,fgh,42,97.86,name_fgh
607,ghi,23,53.59,name_ghi
608,hij,45,104.85000000000001,name_hij
609,ijk,56,130.48000000000002,name_ijk
610,jkl,24,55.92,name_jkl
611,klm,43,100.19,name_klm
612,lmn,42,97.86,name_lmn
613,mno,23,53.59,name_mno
614,nop,45,104.85000000000001,name_nop
615,opr,56,130.48000000000002,name_opr
616,prs,24,55.92,name_prs
617,rst,43,100.19,name_rst
618,stu,42,97.86,name_stu
619,tuw,23,53.59,name_tuw
620,uwz,45,104.85000000000001,name_uwz
621,abc,56,130.48000000000002,name_abc
622,bcd,24,55.92,name_bcd
623,cde,43,100.19,name_cde
624,def,42,97.86,name_def
625,efg,23,53.59,name_efg
626,fgh,45,104.85000000000001,name_fgh
627,ghi,56,130.48000000000002,name_ghi
628,hij,24,55.92,name_hij
629,ijk,43,100.19,name_ijk
630,jkl,42,97.86,name_jkl
631,klm,23,53.59,name_klm
632,lmn,45,104.85000000000001,name_lmn
633,mno,56,130.48000000000002,name_mno
634,nop,24,55.92,name_nop
635,opr,43,100.19,name_opr
636,prs,42,97.86,name_prs
637,rst,23,53.59,name_rst
638,stu,45,104.85000000000001,name_stu
639,tuw,56,130.48000000000002,name_tuw
640,uwz,24,55.92,name_uwz
641,abc,43,100.19,name_abc
642,bcd,42,97.86,name_bcd
643,cde,23,53.59,name_cde
644,def,45,104.85000000000001,name_def
645,efg,56,130.48000000000002,name_efg
646,fgh,24,55.92,name_fgh
647,ghi,43,100.19,name_ghi
648,hij,42,97.86,name_hij
649,ijk,23,53.59,name_ijk
650,jkl,45,104.85000000000001,name_jkl
651,klm,56,130.48000000000002,name_klm
652,lmn,24,55.92,name_lmn
653,mno,43,100.19,name_mno
654,nop,42,97.86,name_nop
655,opr,23,53.59,name_opr
656,prs,45,104.85000000000001,name_prs
657,rst,56,130.48000000000002,name_rst
658,stu,24,55.92,name_stu
659,tuw,43,100.19,name_tuw
660,uwz,42,97.86,name_uwz
661,abc,23,53.59,name_abc
662,bcd,45,104.85000000000001,name_bcd
663,cde,56,130.48000000000002,name_cde
664,def,24,55.92,name_def
665,efg,43,100.19,name_efg
666,fgh,42,97.86,name_fgh
667,ghi,23,53.59,name_ghi
668,hij,45,104.85000000000001,name_hij
669,ijk,56,130.48000000000002,name_ijk
670,jkl,24,55.92,name_jkl
671,klm,43,100.19,name_klm
672,lmn,42,97.86,name_lmn
673,mno,23,53.59,name_mno
674,nop,45,104.85000000000001,name_nop
675,opr,56,130.48000000000002,name_opr
676,prs,24,55.92,name_prs
677,rst,43,100.19,name_rst
678,stu,42,97.86,name_stu
679,tuw,23,53.59,name_tuw
680,uwz,45,104.85000000000001,name_uwz
681,abc,56,130.48000000000002,name_abc
682,bcd,24,55.92,name_bcd
683,cde,43,100.19,name_cde
684,def,42,97.86,name_def
685,efg,23,53.59,name_efg
686,fgh,45,104.85000000000001,name_fgh
687,ghi,56,130.48000000000002,name_ghi
688,hij,24,55.92,name_hij
689,ijk,43,100.19,name_ijk
690,jkl,42,97.86,name_jkl
691,klm,23,53.59,name_klm
692,lmn,45,104.85000000000001,name_lmn
693,mno,56,130.48000000000002,name_mno
694,nop,24,55.92,name_nop
695,opr,43,100.19,name_opr
696,prs,42,97.86,name_prs
697,rst,23,53.59,name_rst
698,stu,45,104.85000000000001,name_stu
699,tuw,56,130.48000000000002,name_tuw
700,uwz,24,55.92,name_uwz
701,abc,43,100.19,name_abc
702,bcd,42,97.86,name_bcd
703,cde,23,53.59,name_cde
704,def,45,104.85000000000001,name_def
705,efg,56,130.48000000000002,name_efg
706,fgh,24,55.92,name_fgh
707,ghi,43,100.19,name_ghi
708,hij,42,97.86,name_hij
709,ijk,23,53.59,name_ijk
710,jkl,45,104.85000000000001,name_jkl
711,klm,56,130.48000000000002,name_klm
712,lmn,24,55.92,name_lmn
713,mno,43,100.19,name_mno
714,nop,42,97.86,name_nop
715,opr,23,53.59,name_opr
716,prs,45,104.85000000000001,name_prs
717,rst,56,130.48000000000002,name_rst
718,stu,24,55.92,name_stu
719,tuw,43,100.19,name_tuw
720,uwz,42,97.86,name_uwz
721,abc,23,53.59,name_abc
722,bcd,45,104.85000000000001,name_bcd
723,cde,56,130.48000000000002,name_cde
724,def,24,55.92,name_def
725,efg,43,100.19,name_efg
726,fgh,42,97.86,name_fgh
727,ghi,23,53.59,name_ghi
728,hij,45,104.85000000000001,name_hij
729,ijk,56,130.48000000000002,name_ijk
730,jkl,24,55.92,name_jkl
731,klm,43,100.19,name_klm
732,lmn,42,97.86,name_lmn
733,mno,23,53.59,name_mno
734,nop,45,104.85000000000001,name_nop
735,opr,56,130.48000000000002,name_opr
736,prs,24,55.92,name_prs
737,rst,43,100.19,name_rst
738,stu,42,97.86,name_stu
739,tuw,23,53.59,name_tuw
740,uwz,45,104.85000000000001,name_uwz
741,abc,56,130.48000000000002,name_abc
742,bcd,24,55.92,name_bcd
743,cde,43,100.19,name_cde
744,def,42,97.86,name_def
745,efg,23,53.59,name_efg
746,fgh,45,104.85000000000001,name_fgh
747,ghi,56,130.48000000000002,name_ghi
748,hij,24,55.92,name_hij
749,ijk,43,100.19,name_ijk
750,jkl,42,97.86,name_jkl
751,klm,23,53.59,name_klm
752,lmn,45,104.85000000000001,name_lmn
753,mno,56,130.48000000000002,name_mno
754,nop,24,55.92,name_nop
755,opr,43,100.19,name_opr
756,prs,42,97.86,name_prs
757,rst,23,53.59,name_rst
758,stu,45,104.85000000000001,name_stu
759,tuw,56,130.48000000000002,name_tuw
760,uwz,24,55.92,name_uwz
761,abc,43,100.19,name_abc
762,bcd,42,97.86,name_bcd
763,cde,23,53.59,name_cde
764,def,45,104.85000000000001,name_def
765,efg,56,130.48000000000002,name_efg
766,fgh,24,55.92,name_fgh
767,ghi,43,100.19,name_ghi
768,hij,42,97.86,name_hij
769,ijk,23,53.59,name_ijk
770,jkl,45,104.85000000000001,name_jkl
771,klm,56,130.48000000000002,name_klm
772,lmn,24,55.92,name_lmn
773,mno,43,100.19,name_mno
774,nop,42,97.86,name_nop
775,opr,23,53.59,name_opr
776,prs,45,104.85000000000001,name_prs
777,rst,56,130.48000000000002,name_rst
778,stu,24,55.92,name_stu
779,tuw,43,100.19,name_tuw
780,uwz,42,97.86,name_uwz
781,abc,23,53.59,name_abc
782,bcd,45,104.85000000000001,name_bcd
783,cde,56,130.48000000000002,name_cde
784,def,24,55.92,name_def
785,efg,43,100.19,name_efg
786,fgh,42,97.86,name_fgh
787,ghi,23,53.59,name_ghi
788,hij,45,104.85000000000001,name_hij
789,ijk,56,130.48000000000002,name_ijk
790,jkl,24,55.92,name_jkl
791,klm,43,100.19,name_klm
792,lmn,42,97.86,name_lmn
793,mno,23,53.59,name_mno
794,nop,45,104.85000000000001,name_nop
795,opr,56,130.48000000000002,name_opr
796,prs,24,55.92,name_prs
797,rst,43,100.19,name_rst
798,stu,42,97.86,name_stu
799,tuw,23,53.59,name_tuw
800,uwz,45,104.85000000000001,name_uwz
801,abc,56,130.48000000000002,name_abc
802,bcd,24,55.92,name_bcd
803,cde,43,100.19,name_cde
804,def,42,97.86,name_def
805,efg,23,53.59,name_efg
806,fgh,45,104.85000000000001,name_fgh
807,ghi,56,130.48000000000002,name_ghi
808,hij,24,55.92,name_hij
809,ijk,43,100.19,name_ijk
810,jkl,42,97.86,name_jkl
811,klm,23,53.59,name_klm
812,lmn,45,104.85000000000001,name_lmn
813,mno,56,130.48000000000002,name_mno
814,nop,24,55.92,name_nop
815,opr,43,100.19,name_opr
816,prs,42,97.86,name_prs
817,rst,23,53.59,name_rst
818,stu,45,104.85000000000001,name_stu
819,tuw,56,130.48000000000002,name_tuw
820,uwz,24,55.92,name_uwz
821,abc,43,100.19,name_abc
822,bcd,42,97.86,name_bcd
823,cde,23,53.59,name_cde
824,def,45,104.85000000000001,name_def
825,efg,56,130.48000000000002,name_efg
826,fgh,24,55.92,name_fgh
827,ghi,43,100.19,name_ghi
828,hij,42,97.86,name_hij
829,ijk,23,53.59,name_ijk
830,jkl,45,104.85000000000001,name_jkl
831,klm,56,130.48000000000002,name_klm
832,lmn,24,55.92,name_lmn
833,mno,43,100.19,name_mno
834,nop,42,97.86,name_nop
835,opr,23,53.59,name_opr
836,prs,45,104.85000000000001,name_prs
837,rst,56,130.48000000000002,name_rst
838,stu,24,55.92,name_stu
839,tuw,43,100.19,name_tuw
840,uwz,42,97.86,name_uwz
841,abc,23,53.59,name_abc
842,bcd,45,104.85000000000001,name_bcd
843,cde,56,130.48000000000002,name_cde
844,def,24,55.92,name_def
845,efg,43,100.19,name_efg
846,fgh,42,97.86,name_fgh
847,ghi,23,53.59,name_ghi
848,hij,45,104.85000000000001,name_hij
849,ijk,56,130.48000000000002,name_ijk
850,jkl,24,55.92,name_jkl
851,klm,43,100.19,name_klm
852,lmn,42,97.86,name_lmn
853,mno,23,53.59,name_mno
854,nop,45,104.85000000000001,name_nop
855,opr,56,130.48000000000002,name_opr
856,prs,24,55.92,name_prs
857,rst,43,100.19,name_rst
858,stu,42,97.86,name_stu
859,tuw,23,53.59,name_tuw
860,uwz,45,104.85000000000001,name_uwz
861,abc,56,130.48000000000002,name_abc
862,bcd,24,55.92,name_bcd
863,cde,43,100.19,name_cde
864,def,42,97.86,name_def
865,efg,23,53.59,name_efg
866,fgh,45,104.85000000000001,name_fgh
867,ghi,56,130.48000000000002,name_ghi
868,hij,24,55.92,name_hij
869,ijk,43,100.19,name_ijk
870,jkl,42,97.86,name_jkl
871,klm,23,53.59,name_klm
872,lmn,45,104.85000000000001,name_lmn
873,mno,56,130.48000000000002,name_mno
874,nop,24,55.92,name_nop
875,opr,43,100.19,name_opr
876,prs,42,97.86,name_prs
877,rst,23,53.59,name_rst
878,stu,45,104.85000000000001,name_stu
879,tuw,56,130.48000000000002,name_tuw
880,uwz,24,55.92,name_uwz
881,abc,43,100.19,name_abc
882,bcd,42,97.86,name_bcd
883,cde,23,53.59,name_cde
884,def,45,104.85000000000001,name_def
885,efg,56,130.48000000000002,name_efg
886,fgh,24,55.92,name_fgh
887,ghi,43,100.19,name_ghi
888,hij,42,97.86,name_hij
889,ijk,23,53.59,name_ijk
890,jkl,45,104.85000000000001,name_jkl
891,klm,56,130.48000000000002,name_klm
892,lmn,24,55.92,name_lmn
893,mno,43,100.19,name_mno
894,nop,42,97.86,name_nop
895,opr,23,53.59,name_opr
896,prs,45,104.85000000000001,name_prs
897,rst,56,130.48000000000002,name_rst
898,stu,24,55.92,name_stu
899,tuw,43,100.19,name_tuw
900,uwz,42,97.86,name_uwz
901,abc,23,53.59,name_abc
902,bcd,45,104.85000000000001,name_bcd
903,cde,56,130.48000000000002,name_cde
904,def,24,55.92,name_def
905,efg,43,100.19,name_efg
906,fgh,42,97.86,name_fgh
907,ghi,23,53.59,name_ghi
908,hij,45,104.85000000000001,name_hij
909,ijk,56,130.48000000000002,name_ijk
910,jkl,24,55.92,name_jkl
911,klm,43,100.19,name_klm
912,lmn,42,97.86,name_lmn
913,mno,23,53.59,name_mno
914,nop,45,104.85000000000001,name_nop
915,opr,56,130.48000000000002,name_opr
916,prs,24,55.92,name_prs
917,rst,43,100.19,name_rst
918,stu,42,97.86,name_stu
919,tuw,23,53.59,name_tuw
920,uwz,45,104.85000000000001,name_uwz
921,abc,56,130.48000000000002,name_abc
922,bcd,24,55.92,name_bcd
923,cde,43,100.19,name_cde
924,def,42,97.86,name_def
925,efg,23,53.59,name_efg
926,fgh,45,104.85000000000001,name_fgh
927,ghi,56,130.48000000000002,name_ghi
928,hij,24,55.92,name_hij
929,ijk,43,100.19,name_ijk
930,jkl,42,97.86,name_jkl
931,klm,23,53.59,name_klm
932,lmn,45,104.85000000000001,name_lmn
933,mno,56,130.48000000000002,name_mno
934,nop,24,55.92,name_nop
935,opr,43,100.19,name_opr
936,prs,42,97.86,name_prs
937,rst,23,53.59,name_rst
938,stu,45,104.85000000000001,name_stu
939,tuw,56,130.48000000000002,name_tuw
940,uwz,24,55.92,name_uwz
941,abc,43,100.19,name_abc
942,bcd,42,97.86,name_bcd
943,cde,23,53.59,name_cde
944,def,45,104.85000000000001,name_def
945,efg,56,130.48000000000002,name_efg
946,fgh,24,55.92,name_fgh
947,ghi,43,100.19,name_ghi
948,hij,42,97.86,name_hij
949,ijk,23,53.59,name_ijk
950,jkl,45,104.85000000000001,name_jkl
951,klm,56,130.48000000000002,name_klm
952,lmn,24,55.92,name_lmn
953,mno,43,100.19,name_mno
954,nop,42,97.86,name_nop
955,opr,23,53.59,name_opr
956,prs,45,104.85000000000001,name_prs
957,rst,56,130.48000000000002,name_rst
958,stu,24,55.92,name_stu
959,tuw,43,100.19,name_tuw
960,uwz,42,97.86,name_uwz
961,abc,23,53.59,name_abc
962,bcd,45,104.85000000000001,name_bcd
963,cde,56,130.48000000000002,name_cde
964,def,24,55.92,name_def
965,efg,43,100.19,name_efg
966,fgh,42,97.86,name_fgh
967,ghi,23,53.59,name_ghi
968,hij,45,104.85000000000001,name_hij
969,ijk,56,130.48000000000002,name_ijk
970,jkl,24,55.92,name_jkl
971,klm,43,100.19,name_klm
972,lmn,42,97.86,name_lmn
973,mno,23,53.59,name_mno
974,nop,45,104.85000000000001,name_nop
975,opr,56,130.48000000000002,name_opr
976,prs,24,55.92,name_prs
977,rst,43,100.19,name_rst
978,stu,42,97.86,name_stu
979,tuw,23,53.59,name_tuw
980,uwz,45,104.85000000000001,name_uwz
981,abc,56,130.48000000000002,name_abc
982,bcd,24,55.92,name_bcd
983,cde,43,100.19,name_cde
984,def,42,97.86,name_def
985,efg,23,53.59,name_efg
986,fgh,45,104.85000000000001,name_fgh
987,ghi,56,130.48000000000002,name_ghi
988,hij,24,55.92,name_hij
989,ijk,43,100.19,name_ijk
990,jkl,42,97.86,name_jkl
991,klm,23,53.59,name_klm
992,lmn,45,104.85000000000001,name_lmn
993,mno,56,130.48000000000002,name_mno
994,nop,24,55.92,name_nop
995,opr,43,100.19,name_opr
996,prs,42,97.86,name_prs
997,rst,23,53.59,name_rst
998,stu,45,104.85000000000001,name_stu
999,tuw,56,130.48000000000002,name_tuw
1000,uwz,24,55.92,name_uwz
